case,algorithm,n,M,E,total_chapters,total_duration,total_energy,time_ms,memory_kb,return_code,ok,skipped,output_file,stderr_file
testcases_100_1,brute,100,1200,220,347,14926,5483,-1,-1,-2,0,1,C:\Users\Equipo\Documents\GitHub\Tarea-2-Algoritmos-y-complejidad\INF221-2026-1-TAREA-2-main\code\implementation\data\outputs\brute\testcases_100_1.txt,C:\Users\Equipo\Documents\GitHub\Tarea-2-Algoritmos-y-complejidad\INF221-2026-1-TAREA-2-main\code\implementation\data\measurements\testcases_100_1_brute.stderr.txt
testcases_100_1,dp,100,1200,220,347,14926,5483,223,12748,0,1,0,C:\Users\Equipo\Documents\GitHub\Tarea-2-Algoritmos-y-complejidad\INF221-2026-1-TAREA-2-main\code\implementation\data\outputs\dp\testcases_100_1.txt,C:\Users\Equipo\Documents\GitHub\Tarea-2-Algoritmos-y-complejidad\INF221-2026-1-TAREA-2-main\code\implementation\data\measurements\testcases_100_1_dp.stderr.txt
testcases_100_1,greedy1,100,1200,220,347,14926,5483,29,8984,0,1,0,C:\Users\Equipo\Documents\GitHub\Tarea-2-Algoritmos-y-complejidad\INF221-2026-1-TAREA-2-main\code\implementation\data\outputs\greedy1\testcases_100_1.txt,C:\Users\Equipo\Documents\GitHub\Tarea-2-Algoritmos-y-complejidad\INF221-2026-1-TAREA-2-main\code\implementation\data\measurements\testcases_100_1_greedy1.stderr.txt
testcases_100_1,greedy2,100,1200,220,347,14926,5483,82,8984,0,1,0,C:\Users\Equipo\Documents\GitHub\Tarea-2-Algoritmos-y-complejidad\INF221-2026-1-TAREA-2-main\code\implementation\data\outputs\greedy2\testcases_100_1.txt,C:\Users\Equipo\Documents\GitHub\Tarea-2-Algoritmos-y-complejidad\INF221-2026-1-TAREA-2-main\code\implementation\data\measurements\testcases_100_1_greedy2.stderr.txt
testcases_150_1,brute,150,1200,220,551,21789,7992,-1,-1,-2,0,1,C:\Users\Equipo\Documents\GitHub\Tarea-2-Algoritmos-y-complejidad\INF221-2026-1-TAREA-2-main\code\implementation\data\outputs\brute\testcases_150_1.txt,C:\Users\Equipo\Documents\GitHub\Tarea-2-Algoritmos-y-complejidad\INF221-2026-1-TAREA-2-main\code\implementation\data\measurements\testcases_150_1_brute.stderr.txt
testcases_150_1,dp,150,1200,220,551,21789,7992,303,12776,0,1,0,C:\Users\Equipo\Documents\GitHub\Tarea-2-Algoritmos-y-complejidad\INF221-2026-1-TAREA-2-main\code\implementation\data\outputs\dp\testcases_150_1.txt,C:\Users\Equipo\Documents\GitHub\Tarea-2-Algoritmos-y-complejidad\INF221-2026-1-TAREA-2-main\code\implementation\data\measurements\testcases_150_1_dp.stderr.txt
testcases_150_1,greedy1,150,1200,220,551,21789,7992,27,8992,0,1,0,C:\Users\Equipo\Documents\GitHub\Tarea-2-Algoritmos-y-complejidad\INF221-2026-1-TAREA-2-main\code\implementation\data\outputs\greedy1\testcases_150_1.txt,C:\Users\Equipo\Documents\GitHub\Tarea-2-Algoritmos-y-complejidad\INF221-2026-1-TAREA-2-main\code\implementation\data\measurements\testcases_150_1_greedy1.stderr.txt
testcases_150_1,greedy2,150,1200,220,551,21789,7992,27,8980,0,1,0,C:\Users\Equipo\Documents\GitHub\Tarea-2-Algoritmos-y-complejidad\INF221-2026-1-TAREA-2-main\code\implementation\data\outputs\greedy2\testcases_150_1.txt,C:\Users\Equipo\Documents\GitHub\Tarea-2-Algoritmos-y-complejidad\INF221-2026-1-TAREA-2-main\code\implementation\data\measurements\testcases_150_1_greedy2.stderr.txt
testcases_200_1,brute,200,1200,220,508,20844,7886,-1,-1,-2,0,1,C:\Users\Equipo\Documents\GitHub\Tarea-2-Algoritmos-y-complejidad\INF221-2026-1-TAREA-2-main\code\implementation\data\outputs\brute\testcases_200_1.txt,C:\Users\Equipo\Documents\GitHub\Tarea-2-Algoritmos-y-complejidad\INF221-2026-1-TAREA-2-main\code\implementation\data\measurements\testcases_200_1_brute.stderr.txt
testcases_200_1,dp,200,1200,220,508,20844,7886,497,12752,0,1,0,C:\Users\Equipo\Documents\GitHub\Tarea-2-Algoritmos-y-complejidad\INF221-2026-1-TAREA-2-main\code\implementation\data\outputs\dp\testcases_200_1.txt,C:\Users\Equipo\Documents\GitHub\Tarea-2-Algoritmos-y-complejidad\INF221-2026-1-TAREA-2-main\code\implementation\data\measurements\testcases_200_1_dp.stderr.txt
testcases_200_1,greedy1,200,1200,220,508,20844,7886,41,8988,0,1,0,C:\Users\Equipo\Documents\GitHub\Tarea-2-Algoritmos-y-complejidad\INF221-2026-1-TAREA-2-main\code\implementation\data\outputs\greedy1\testcases_200_1.txt,C:\Users\Equipo\Documents\GitHub\Tarea-2-Algoritmos-y-complejidad\INF221-2026-1-TAREA-2-main\code\implementation\data\measurements\testcases_200_1_greedy1.stderr.txt
testcases_200_1,greedy2,200,1200,220,508,20844,7886,37,8988,0,1,0,C:\Users\Equipo\Documents\GitHub\Tarea-2-Algoritmos-y-complejidad\INF221-2026-1-TAREA-2-main\code\implementation\data\outputs\greedy2\testcases_200_1.txt,C:\Users\Equipo\Documents\GitHub\Tarea-2-Algoritmos-y-complejidad\INF221-2026-1-TAREA-2-main\code\implementation\data\measurements\testcases_200_1_greedy2.stderr.txt
testcases_20_1,brute,20,1200,220,74,3180,1159,-1,-1,-2,0,1,C:\Users\Equipo\Documents\GitHub\Tarea-2-Algoritmos-y-complejidad\INF221-2026-1-TAREA-2-main\code\implementation\data\outputs\brute\testcases_20_1.txt,C:\Users\Equipo\Documents\GitHub\Tarea-2-Algoritmos-y-complejidad\INF221-2026-1-TAREA-2-main\code\implementation\data\measurements\testcases_20_1_brute.stderr.txt
testcases_20_1,dp,20,1200,220,74,3180,1159,85,12712,0,1,0,C:\Users\Equipo\Documents\GitHub\Tarea-2-Algoritmos-y-complejidad\INF221-2026-1-TAREA-2-main\code\implementation\data\outputs\dp\testcases_20_1.txt,C:\Users\Equipo\Documents\GitHub\Tarea-2-Algoritmos-y-complejidad\INF221-2026-1-TAREA-2-main\code\implementation\data\measurements\testcases_20_1_dp.stderr.txt
testcases_20_1,greedy1,20,1200,220,74,3180,1159,66,8964,0,1,0,C:\Users\Equipo\Documents\GitHub\Tarea-2-Algoritmos-y-complejidad\INF221-2026-1-TAREA-2-main\code\implementation\data\outputs\greedy1\testcases_20_1.txt,C:\Users\Equipo\Documents\GitHub\Tarea-2-Algoritmos-y-complejidad\INF221-2026-1-TAREA-2-main\code\implementation\data\measurements\testcases_20_1_greedy1.stderr.txt
testcases_20_1,greedy2,20,1200,220,74,3180,1159,114,8972,0,1,0,C:\Users\Equipo\Documents\GitHub\Tarea-2-Algoritmos-y-complejidad\INF221-2026-1-TAREA-2-main\code\implementation\data\outputs\greedy2\testcases_20_1.txt,C:\Users\Equipo\Documents\GitHub\Tarea-2-Algoritmos-y-complejidad\INF221-2026-1-TAREA-2-main\code\implementation\data\measurements\testcases_20_1_greedy2.stderr.txt
testcases_3_1,brute,3,240,90,9,224,69,57,9012,0,1,0,C:\Users\Equipo\Documents\GitHub\Tarea-2-Algoritmos-y-complejidad\INF221-2026-1-TAREA-2-main\code\implementation\data\outputs\brute\testcases_3_1.txt,C:\Users\Equipo\Documents\GitHub\Tarea-2-Algoritmos-y-complejidad\INF221-2026-1-TAREA-2-main\code\implementation\data\measurements\testcases_3_1_brute.stderr.txt
testcases_3_1,dp,3,240,90,9,224,69,38,9268,0,1,0,C:\Users\Equipo\Documents\GitHub\Tarea-2-Algoritmos-y-complejidad\INF221-2026-1-TAREA-2-main\code\implementation\data\outputs\dp\testcases_3_1.txt,C:\Users\Equipo\Documents\GitHub\Tarea-2-Algoritmos-y-complejidad\INF221-2026-1-TAREA-2-main\code\implementation\data\measurements\testcases_3_1_dp.stderr.txt
testcases_3_1,greedy1,3,240,90,9,224,69,37,8968,0,1,0,C:\Users\Equipo\Documents\GitHub\Tarea-2-Algoritmos-y-complejidad\INF221-2026-1-TAREA-2-main\code\implementation\data\outputs\greedy1\testcases_3_1.txt,C:\Users\Equipo\Documents\GitHub\Tarea-2-Algoritmos-y-complejidad\INF221-2026-1-TAREA-2-main\code\implementation\data\measurements\testcases_3_1_greedy1.stderr.txt
testcases_3_1,greedy2,3,240,90,9,224,69,704,8956,0,1,0,C:\Users\Equipo\Documents\GitHub\Tarea-2-Algoritmos-y-complejidad\INF221-2026-1-TAREA-2-main\code\implementation\data\outputs\greedy2\testcases_3_1.txt,C:\Users\Equipo\Documents\GitHub\Tarea-2-Algoritmos-y-complejidad\INF221-2026-1-TAREA-2-main\code\implementation\data\measurements\testcases_3_1_greedy2.stderr.txt
testcases_3_2,brute,3,240,90,8,146,70,29,8996,0,1,0,C:\Users\Equipo\Documents\GitHub\Tarea-2-Algoritmos-y-complejidad\INF221-2026-1-TAREA-2-main\code\implementation\data\outputs\brute\testcases_3_2.txt,C:\Users\Equipo\Documents\GitHub\Tarea-2-Algoritmos-y-complejidad\INF221-2026-1-TAREA-2-main\code\implementation\data\measurements\testcases_3_2_brute.stderr.txt
testcases_3_2,dp,3,240,90,8,146,70,33,9276,0,1,0,C:\Users\Equipo\Documents\GitHub\Tarea-2-Algoritmos-y-complejidad\INF221-2026-1-TAREA-2-main\code\implementation\data\outputs\dp\testcases_3_2.txt,C:\Users\Equipo\Documents\GitHub\Tarea-2-Algoritmos-y-complejidad\INF221-2026-1-TAREA-2-main\code\implementation\data\measurements\testcases_3_2_dp.stderr.txt
testcases_3_2,greedy1,3,240,90,8,146,70,29,8968,0,1,0,C:\Users\Equipo\Documents\GitHub\Tarea-2-Algoritmos-y-complejidad\INF221-2026-1-TAREA-2-main\code\implementation\data\outputs\greedy1\testcases_3_2.txt,C:\Users\Equipo\Documents\GitHub\Tarea-2-Algoritmos-y-complejidad\INF221-2026-1-TAREA-2-main\code\implementation\data\measurements\testcases_3_2_greedy1.stderr.txt
testcases_3_2,greedy2,3,240,90,8,146,70,26,8952,0,1,0,C:\Users\Equipo\Documents\GitHub\Tarea-2-Algoritmos-y-complejidad\INF221-2026-1-TAREA-2-main\code\implementation\data\outputs\greedy2\testcases_3_2.txt,C:\Users\Equipo\Documents\GitHub\Tarea-2-Algoritmos-y-complejidad\INF221-2026-1-TAREA-2-main\code\implementation\data\measurements\testcases_3_2_greedy2.stderr.txt
testcases_3_3,brute,3,1200,220,9,464,170,29,9000,0,1,0,C:\Users\Equipo\Documents\GitHub\Tarea-2-Algoritmos-y-complejidad\INF221-2026-1-TAREA-2-main\code\implementation\data\outputs\brute\testcases_3_3.txt,C:\Users\Equipo\Documents\GitHub\Tarea-2-Algoritmos-y-complejidad\INF221-2026-1-TAREA-2-main\code\implementation\data\measurements\testcases_3_3_brute.stderr.txt
testcases_3_3,dp,3,1200,220,9,464,170,31,12724,0,1,0,C:\Users\Equipo\Documents\GitHub\Tarea-2-Algoritmos-y-complejidad\INF221-2026-1-TAREA-2-main\code\implementation\data\outputs\dp\testcases_3_3.txt,C:\Users\Equipo\Documents\GitHub\Tarea-2-Algoritmos-y-complejidad\INF221-2026-1-TAREA-2-main\code\implementation\data\measurements\testcases_3_3_dp.stderr.txt
testcases_3_3,greedy1,3,1200,220,9,464,170,29,8960,0,1,0,C:\Users\Equipo\Documents\GitHub\Tarea-2-Algoritmos-y-complejidad\INF221-2026-1-TAREA-2-main\code\implementation\data\outputs\greedy1\testcases_3_3.txt,C:\Users\Equipo\Documents\GitHub\Tarea-2-Algoritmos-y-complejidad\INF221-2026-1-TAREA-2-main\code\implementation\data\measurements\testcases_3_3_greedy1.stderr.txt
testcases_3_3,greedy2,3,1200,220,9,464,170,30,8972,0,1,0,C:\Users\Equipo\Documents\GitHub\Tarea-2-Algoritmos-y-complejidad\INF221-2026-1-TAREA-2-main\code\implementation\data\outputs\greedy2\testcases_3_3.txt,C:\Users\Equipo\Documents\GitHub\Tarea-2-Algoritmos-y-complejidad\INF221-2026-1-TAREA-2-main\code\implementation\data\measurements\testcases_3_3_greedy2.stderr.txt
testcases_40_1,brute,40,1200,220,152,6000,2259,-1,-1,-2,0,1,C:\Users\Equipo\Documents\GitHub\Tarea-2-Algoritmos-y-complejidad\INF221-2026-1-TAREA-2-main\code\implementation\data\outputs\brute\testcases_40_1.txt,C:\Users\Equipo\Documents\GitHub\Tarea-2-Algoritmos-y-complejidad\INF221-2026-1-TAREA-2-main\code\implementation\data\measurements\testcases_40_1_brute.stderr.txt
testcases_40_1,dp,40,1200,220,152,6000,2259,105,12744,0,1,0,C:\Users\Equipo\Documents\GitHub\Tarea-2-Algoritmos-y-complejidad\INF221-2026-1-TAREA-2-main\code\implementation\data\outputs\dp\testcases_40_1.txt,C:\Users\Equipo\Documents\GitHub\Tarea-2-Algoritmos-y-complejidad\INF221-2026-1-TAREA-2-main\code\implementation\data\measurements\testcases_40_1_dp.stderr.txt
testcases_40_1,greedy1,40,1200,220,152,6000,2259,29,8984,0,1,0,C:\Users\Equipo\Documents\GitHub\Tarea-2-Algoritmos-y-complejidad\INF221-2026-1-TAREA-2-main\code\implementation\data\outputs\greedy1\testcases_40_1.txt,C:\Users\Equipo\Documents\GitHub\Tarea-2-Algoritmos-y-complejidad\INF221-2026-1-TAREA-2-main\code\implementation\data\measurements\testcases_40_1_greedy1.stderr.txt
testcases_40_1,greedy2,40,1200,220,152,6000,2259,33,8968,0,1,0,C:\Users\Equipo\Documents\GitHub\Tarea-2-Algoritmos-y-complejidad\INF221-2026-1-TAREA-2-main\code\implementation\data\outputs\greedy2\testcases_40_1.txt,C:\Users\Equipo\Documents\GitHub\Tarea-2-Algoritmos-y-complejidad\INF221-2026-1-TAREA-2-main\code\implementation\data\measurements\testcases_40_1_greedy2.stderr.txt
testcases_40_10,brute,40,800,300,125,5264,1954,-1,-1,-2,0,1,C:\Users\Equipo\Documents\GitHub\Tarea-2-Algoritmos-y-complejidad\INF221-2026-1-TAREA-2-main\code\implementation\data\outputs\brute\testcases_40_10.txt,C:\Users\Equipo\Documents\GitHub\Tarea-2-Algoritmos-y-complejidad\INF221-2026-1-TAREA-2-main\code\implementation\data\measurements\testcases_40_10_brute.stderr.txt
testcases_40_10,dp,40,800,300,125,5264,1954,105,12356,0,1,0,C:\Users\Equipo\Documents\GitHub\Tarea-2-Algoritmos-y-complejidad\INF221-2026-1-TAREA-2-main\code\implementation\data\outputs\dp\testcases_40_10.txt,C:\Users\Equipo\Documents\GitHub\Tarea-2-Algoritmos-y-complejidad\INF221-2026-1-TAREA-2-main\code\implementation\data\measurements\testcases_40_10_dp.stderr.txt
testcases_40_10,greedy1,40,800,300,125,5264,1954,30,8964,0,1,0,C:\Users\Equipo\Documents\GitHub\Tarea-2-Algoritmos-y-complejidad\INF221-2026-1-TAREA-2-main\code\implementation\data\outputs\greedy1\testcases_40_10.txt,C:\Users\Equipo\Documents\GitHub\Tarea-2-Algoritmos-y-complejidad\INF221-2026-1-TAREA-2-main\code\implementation\data\measurements\testcases_40_10_greedy1.stderr.txt
testcases_40_10,greedy2,40,800,300,125,5264,1954,30,8972,0,1,0,C:\Users\Equipo\Documents\GitHub\Tarea-2-Algoritmos-y-complejidad\INF221-2026-1-TAREA-2-main\code\implementation\data\outputs\greedy2\testcases_40_10.txt,C:\Users\Equipo\Documents\GitHub\Tarea-2-Algoritmos-y-complejidad\INF221-2026-1-TAREA-2-main\code\implementation\data\measurements\testcases_40_10_greedy2.stderr.txt
testcases_40_11,brute,40,1200,300,134,5903,2088,-1,-1,-2,0,1,C:\Users\Equipo\Documents\GitHub\Tarea-2-Algoritmos-y-complejidad\INF221-2026-1-TAREA-2-main\code\implementation\data\outputs\brute\testcases_40_11.txt,C:\Users\Equipo\Documents\GitHub\Tarea-2-Algoritmos-y-complejidad\INF221-2026-1-TAREA-2-main\code\implementation\data\measurements\testcases_40_11_brute.stderr.txt
testcases_40_11,dp,40,1200,300,134,5903,2088,205,14220,0,1,0,C:\Users\Equipo\Documents\GitHub\Tarea-2-Algoritmos-y-complejidad\INF221-2026-1-TAREA-2-main\code\implementation\data\outputs\dp\testcases_40_11.txt,C:\Users\Equipo\Documents\GitHub\Tarea-2-Algoritmos-y-complejidad\INF221-2026-1-TAREA-2-main\code\implementation\data\measurements\testcases_40_11_dp.stderr.txt
testcases_40_11,greedy1,40,1200,300,134,5903,2088,37,8964,0,1,0,C:\Users\Equipo\Documents\GitHub\Tarea-2-Algoritmos-y-complejidad\INF221-2026-1-TAREA-2-main\code\implementation\data\outputs\greedy1\testcases_40_11.txt,C:\Users\Equipo\Documents\GitHub\Tarea-2-Algoritmos-y-complejidad\INF221-2026-1-TAREA-2-main\code\implementation\data\measurements\testcases_40_11_greedy1.stderr.txt
testcases_40_11,greedy2,40,1200,300,134,5903,2088,38,8976,0,1,0,C:\Users\Equipo\Documents\GitHub\Tarea-2-Algoritmos-y-complejidad\INF221-2026-1-TAREA-2-main\code\implementation\data\outputs\greedy2\testcases_40_11.txt,C:\Users\Equipo\Documents\GitHub\Tarea-2-Algoritmos-y-complejidad\INF221-2026-1-TAREA-2-main\code\implementation\data\measurements\testcases_40_11_greedy2.stderr.txt
testcases_40_12,brute,40,1800,300,145,5976,2311,-1,-1,-2,0,1,C:\Users\Equipo\Documents\GitHub\Tarea-2-Algoritmos-y-complejidad\INF221-2026-1-TAREA-2-main\code\implementation\data\outputs\brute\testcases_40_12.txt,C:\Users\Equipo\Documents\GitHub\Tarea-2-Algoritmos-y-complejidad\INF221-2026-1-TAREA-2-main\code\implementation\data\measurements\testcases_40_12_brute.stderr.txt
testcases_40_12,dp,40,1800,300,145,5976,2311,339,17044,0,1,0,C:\Users\Equipo\Documents\GitHub\Tarea-2-Algoritmos-y-complejidad\INF221-2026-1-TAREA-2-main\code\implementation\data\outputs\dp\testcases_40_12.txt,C:\Users\Equipo\Documents\GitHub\Tarea-2-Algoritmos-y-complejidad\INF221-2026-1-TAREA-2-main\code\implementation\data\measurements\testcases_40_12_dp.stderr.txt
testcases_40_12,greedy1,40,1800,300,145,5976,2311,39,8960,0,1,0,C:\Users\Equipo\Documents\GitHub\Tarea-2-Algoritmos-y-complejidad\INF221-2026-1-TAREA-2-main\code\implementation\data\outputs\greedy1\testcases_40_12.txt,C:\Users\Equipo\Documents\GitHub\Tarea-2-Algoritmos-y-complejidad\INF221-2026-1-TAREA-2-main\code\implementation\data\measurements\testcases_40_12_greedy1.stderr.txt
testcases_40_12,greedy2,40,1800,300,145,5976,2311,44,8960,0,1,0,C:\Users\Equipo\Documents\GitHub\Tarea-2-Algoritmos-y-complejidad\INF221-2026-1-TAREA-2-main\code\implementation\data\outputs\greedy2\testcases_40_12.txt,C:\Users\Equipo\Documents\GitHub\Tarea-2-Algoritmos-y-complejidad\INF221-2026-1-TAREA-2-main\code\implementation\data\measurements\testcases_40_12_greedy2.stderr.txt
testcases_40_13,brute,40,2500,300,145,5813,2062,-1,-1,-2,0,1,C:\Users\Equipo\Documents\GitHub\Tarea-2-Algoritmos-y-complejidad\INF221-2026-1-TAREA-2-main\code\implementation\data\outputs\brute\testcases_40_13.txt,C:\Users\Equipo\Documents\GitHub\Tarea-2-Algoritmos-y-complejidad\INF221-2026-1-TAREA-2-main\code\implementation\data\measurements\testcases_40_13_brute.stderr.txt
testcases_40_13,dp,40,2500,300,145,5813,2062,428,20352,0,1,0,C:\Users\Equipo\Documents\GitHub\Tarea-2-Algoritmos-y-complejidad\INF221-2026-1-TAREA-2-main\code\implementation\data\outputs\dp\testcases_40_13.txt,C:\Users\Equipo\Documents\GitHub\Tarea-2-Algoritmos-y-complejidad\INF221-2026-1-TAREA-2-main\code\implementation\data\measurements\testcases_40_13_dp.stderr.txt
testcases_40_13,greedy1,40,2500,300,145,5813,2062,27,8960,0,1,0,C:\Users\Equipo\Documents\GitHub\Tarea-2-Algoritmos-y-complejidad\INF221-2026-1-TAREA-2-main\code\implementation\data\outputs\greedy1\testcases_40_13.txt,C:\Users\Equipo\Documents\GitHub\Tarea-2-Algoritmos-y-complejidad\INF221-2026-1-TAREA-2-main\code\implementation\data\measurements\testcases_40_13_greedy1.stderr.txt
testcases_40_13,greedy2,40,2500,300,145,5813,2062,27,8960,0,1,0,C:\Users\Equipo\Documents\GitHub\Tarea-2-Algoritmos-y-complejidad\INF221-2026-1-TAREA-2-main\code\implementation\data\outputs\greedy2\testcases_40_13.txt,C:\Users\Equipo\Documents\GitHub\Tarea-2-Algoritmos-y-complejidad\INF221-2026-1-TAREA-2-main\code\implementation\data\measurements\testcases_40_13_greedy2.stderr.txt
testcases_40_14,brute,40,3000,300,140,5898,2063,-1,-1,-2,0,1,C:\Users\Equipo\Documents\GitHub\Tarea-2-Algoritmos-y-complejidad\INF221-2026-1-TAREA-2-main\code\implementation\data\outputs\brute\testcases_40_14.txt,C:\Users\Equipo\Documents\GitHub\Tarea-2-Algoritmos-y-complejidad\INF221-2026-1-TAREA-2-main\code\implementation\data\measurements\testcases_40_14_brute.stderr.txt
testcases_40_14,dp,40,3000,300,140,5898,2063,506,22680,0,1,0,C:\Users\Equipo\Documents\GitHub\Tarea-2-Algoritmos-y-complejidad\INF221-2026-1-TAREA-2-main\code\implementation\data\outputs\dp\testcases_40_14.txt,C:\Users\Equipo\Documents\GitHub\Tarea-2-Algoritmos-y-complejidad\INF221-2026-1-TAREA-2-main\code\implementation\data\measurements\testcases_40_14_dp.stderr.txt
testcases_40_14,greedy1,40,3000,300,140,5898,2063,25,8968,0,1,0,C:\Users\Equipo\Documents\GitHub\Tarea-2-Algoritmos-y-complejidad\INF221-2026-1-TAREA-2-main\code\implementation\data\outputs\greedy1\testcases_40_14.txt,C:\Users\Equipo\Documents\GitHub\Tarea-2-Algoritmos-y-complejidad\INF221-2026-1-TAREA-2-main\code\implementation\data\measurements\testcases_40_14_greedy1.stderr.txt
testcases_40_14,greedy2,40,3000,300,140,5898,2063,24,8980,0,1,0,C:\Users\Equipo\Documents\GitHub\Tarea-2-Algoritmos-y-complejidad\INF221-2026-1-TAREA-2-main\code\implementation\data\outputs\greedy2\testcases_40_14.txt,C:\Users\Equipo\Documents\GitHub\Tarea-2-Algoritmos-y-complejidad\INF221-2026-1-TAREA-2-main\code\implementation\data\measurements\testcases_40_14_greedy2.stderr.txt
testcases_40_15,brute,40,1500,20,154,5979,2555,-1,-1,-2,0,1,C:\Users\Equipo\Documents\GitHub\Tarea-2-Algoritmos-y-complejidad\INF221-2026-1-TAREA-2-main\code\implementation\data\outputs\brute\testcases_40_15.txt,C:\Users\Equipo\Documents\GitHub\Tarea-2-Algoritmos-y-complejidad\INF221-2026-1-TAREA-2-main\code\implementation\data\measurements\testcases_40_15_brute.stderr.txt
testcases_40_15,dp,40,1500,20,154,5979,2555,29,9092,0,1,0,C:\Users\Equipo\Documents\GitHub\Tarea-2-Algoritmos-y-complejidad\INF221-2026-1-TAREA-2-main\code\implementation\data\outputs\dp\testcases_40_15.txt,C:\Users\Equipo\Documents\GitHub\Tarea-2-Algoritmos-y-complejidad\INF221-2026-1-TAREA-2-main\code\implementation\data\measurements\testcases_40_15_dp.stderr.txt
testcases_40_15,greedy1,40,1500,20,154,5979,2555,29,8972,0,1,0,C:\Users\Equipo\Documents\GitHub\Tarea-2-Algoritmos-y-complejidad\INF221-2026-1-TAREA-2-main\code\implementation\data\outputs\greedy1\testcases_40_15.txt,C:\Users\Equipo\Documents\GitHub\Tarea-2-Algoritmos-y-complejidad\INF221-2026-1-TAREA-2-main\code\implementation\data\measurements\testcases_40_15_greedy1.stderr.txt
testcases_40_15,greedy2,40,1500,20,154,5979,2555,30,8964,0,1,0,C:\Users\Equipo\Documents\GitHub\Tarea-2-Algoritmos-y-complejidad\INF221-2026-1-TAREA-2-main\code\implementation\data\outputs\greedy2\testcases_40_15.txt,C:\Users\Equipo\Documents\GitHub\Tarea-2-Algoritmos-y-complejidad\INF221-2026-1-TAREA-2-main\code\implementation\data\measurements\testcases_40_15_greedy2.stderr.txt
testcases_40_16,brute,40,1500,50,134,5370,2179,-1,-1,-2,0,1,C:\Users\Equipo\Documents\GitHub\Tarea-2-Algoritmos-y-complejidad\INF221-2026-1-TAREA-2-main\code\implementation\data\outputs\brute\testcases_40_16.txt,C:\Users\Equipo\Documents\GitHub\Tarea-2-Algoritmos-y-complejidad\INF221-2026-1-TAREA-2-main\code\implementation\data\measurements\testcases_40_16_brute.stderr.txt
testcases_40_16,dp,40,1500,50,134,5370,2179,40,9784,0,1,0,C:\Users\Equipo\Documents\GitHub\Tarea-2-Algoritmos-y-complejidad\INF221-2026-1-TAREA-2-main\code\implementation\data\outputs\dp\testcases_40_16.txt,C:\Users\Equipo\Documents\GitHub\Tarea-2-Algoritmos-y-complejidad\INF221-2026-1-TAREA-2-main\code\implementation\data\measurements\testcases_40_16_dp.stderr.txt
testcases_40_16,greedy1,40,1500,50,134,5370,2179,25,8968,0,1,0,C:\Users\Equipo\Documents\GitHub\Tarea-2-Algoritmos-y-complejidad\INF221-2026-1-TAREA-2-main\code\implementation\data\outputs\greedy1\testcases_40_16.txt,C:\Users\Equipo\Documents\GitHub\Tarea-2-Algoritmos-y-complejidad\INF221-2026-1-TAREA-2-main\code\implementation\data\measurements\testcases_40_16_greedy1.stderr.txt
testcases_40_16,greedy2,40,1500,50,134,5370,2179,27,8988,0,1,0,C:\Users\Equipo\Documents\GitHub\Tarea-2-Algoritmos-y-complejidad\INF221-2026-1-TAREA-2-main\code\implementation\data\outputs\greedy2\testcases_40_16.txt,C:\Users\Equipo\Documents\GitHub\Tarea-2-Algoritmos-y-complejidad\INF221-2026-1-TAREA-2-main\code\implementation\data\measurements\testcases_40_16_greedy2.stderr.txt
testcases_40_17,brute,40,1500,100,150,5738,2231,-1,-1,-2,0,1,C:\Users\Equipo\Documents\GitHub\Tarea-2-Algoritmos-y-complejidad\INF221-2026-1-TAREA-2-main\code\implementation\data\outputs\brute\testcases_40_17.txt,C:\Users\Equipo\Documents\GitHub\Tarea-2-Algoritmos-y-complejidad\INF221-2026-1-TAREA-2-main\code\implementation\data\measurements\testcases_40_17_brute.stderr.txt
testcases_40_17,dp,40,1500,100,150,5738,2231,61,10964,0,1,0,C:\Users\Equipo\Documents\GitHub\Tarea-2-Algoritmos-y-complejidad\INF221-2026-1-TAREA-2-main\code\implementation\data\outputs\dp\testcases_40_17.txt,C:\Users\Equipo\Documents\GitHub\Tarea-2-Algoritmos-y-complejidad\INF221-2026-1-TAREA-2-main\code\implementation\data\measurements\testcases_40_17_dp.stderr.txt
testcases_40_17,greedy1,40,1500,100,150,5738,2231,26,8960,0,1,0,C:\Users\Equipo\Documents\GitHub\Tarea-2-Algoritmos-y-complejidad\INF221-2026-1-TAREA-2-main\code\implementation\data\outputs\greedy1\testcases_40_17.txt,C:\Users\Equipo\Documents\GitHub\Tarea-2-Algoritmos-y-complejidad\INF221-2026-1-TAREA-2-main\code\implementation\data\measurements\testcases_40_17_greedy1.stderr.txt
testcases_40_17,greedy2,40,1500,100,150,5738,2231,24,8968,0,1,0,C:\Users\Equipo\Documents\GitHub\Tarea-2-Algoritmos-y-complejidad\INF221-2026-1-TAREA-2-main\code\implementation\data\outputs\greedy2\testcases_40_17.txt,C:\Users\Equipo\Documents\GitHub\Tarea-2-Algoritmos-y-complejidad\INF221-2026-1-TAREA-2-main\code\implementation\data\measurements\testcases_40_17_greedy2.stderr.txt
testcases_40_18,brute,40,1500,150,130,5315,2024,-1,-1,-2,0,1,C:\Users\Equipo\Documents\GitHub\Tarea-2-Algoritmos-y-complejidad\INF221-2026-1-TAREA-2-main\code\implementation\data\outputs\brute\testcases_40_18.txt,C:\Users\Equipo\Documents\GitHub\Tarea-2-Algoritmos-y-complejidad\INF221-2026-1-TAREA-2-main\code\implementation\data\measurements\testcases_40_18_brute.stderr.txt
testcases_40_18,dp,40,1500,150,130,5315,2024,73,12136,0,1,0,C:\Users\Equipo\Documents\GitHub\Tarea-2-Algoritmos-y-complejidad\INF221-2026-1-TAREA-2-main\code\implementation\data\outputs\dp\testcases_40_18.txt,C:\Users\Equipo\Documents\GitHub\Tarea-2-Algoritmos-y-complejidad\INF221-2026-1-TAREA-2-main\code\implementation\data\measurements\testcases_40_18_dp.stderr.txt
testcases_40_18,greedy1,40,1500,150,130,5315,2024,25,8964,0,1,0,C:\Users\Equipo\Documents\GitHub\Tarea-2-Algoritmos-y-complejidad\INF221-2026-1-TAREA-2-main\code\implementation\data\outputs\greedy1\testcases_40_18.txt,C:\Users\Equipo\Documents\GitHub\Tarea-2-Algoritmos-y-complejidad\INF221-2026-1-TAREA-2-main\code\implementation\data\measurements\testcases_40_18_greedy1.stderr.txt
testcases_40_18,greedy2,40,1500,150,130,5315,2024,25,8960,0,1,0,C:\Users\Equipo\Documents\GitHub\Tarea-2-Algoritmos-y-complejidad\INF221-2026-1-TAREA-2-main\code\implementation\data\outputs\greedy2\testcases_40_18.txt,C:\Users\Equipo\Documents\GitHub\Tarea-2-Algoritmos-y-complejidad\INF221-2026-1-TAREA-2-main\code\implementation\data\measurements\testcases_40_18_greedy2.stderr.txt
testcases_40_19,brute,40,1500,200,141,5482,2215,-1,-1,-2,0,1,C:\Users\Equipo\Documents\GitHub\Tarea-2-Algoritmos-y-complejidad\INF221-2026-1-TAREA-2-main\code\implementation\data\outputs\brute\testcases_40_19.txt,C:\Users\Equipo\Documents\GitHub\Tarea-2-Algoritmos-y-complejidad\INF221-2026-1-TAREA-2-main\code\implementation\data\measurements\testcases_40_19_brute.stderr.txt
testcases_40_19,dp,40,1500,200,141,5482,2215,101,13320,0,1,0,C:\Users\Equipo\Documents\GitHub\Tarea-2-Algoritmos-y-complejidad\INF221-2026-1-TAREA-2-main\code\implementation\data\outputs\dp\testcases_40_19.txt,C:\Users\Equipo\Documents\GitHub\Tarea-2-Algoritmos-y-complejidad\INF221-2026-1-TAREA-2-main\code\implementation\data\measurements\testcases_40_19_dp.stderr.txt
testcases_40_19,greedy1,40,1500,200,141,5482,2215,24,8968,0,1,0,C:\Users\Equipo\Documents\GitHub\Tarea-2-Algoritmos-y-complejidad\INF221-2026-1-TAREA-2-main\code\implementation\data\outputs\greedy1\testcases_40_19.txt,C:\Users\Equipo\Documents\GitHub\Tarea-2-Algoritmos-y-complejidad\INF221-2026-1-TAREA-2-main\code\implementation\data\measurements\testcases_40_19_greedy1.stderr.txt
testcases_40_19,greedy2,40,1500,200,141,5482,2215,28,8992,0,1,0,C:\Users\Equipo\Documents\GitHub\Tarea-2-Algoritmos-y-complejidad\INF221-2026-1-TAREA-2-main\code\implementation\data\outputs\greedy2\testcases_40_19.txt,C:\Users\Equipo\Documents\GitHub\Tarea-2-Algoritmos-y-complejidad\INF221-2026-1-TAREA-2-main\code\implementation\data\measurements\testcases_40_19_greedy2.stderr.txt
testcases_40_2,brute,40,1500,250,60,2676,952,-1,-1,-2,0,1,C:\Users\Equipo\Documents\GitHub\Tarea-2-Algoritmos-y-complejidad\INF221-2026-1-TAREA-2-main\code\implementation\data\outputs\brute\testcases_40_2.txt,C:\Users\Equipo\Documents\GitHub\Tarea-2-Algoritmos-y-complejidad\INF221-2026-1-TAREA-2-main\code\implementation\data\measurements\testcases_40_2_brute.stderr.txt
testcases_40_2,dp,40,1500,250,60,2676,952,124,14480,0,1,0,C:\Users\Equipo\Documents\GitHub\Tarea-2-Algoritmos-y-complejidad\INF221-2026-1-TAREA-2-main\code\implementation\data\outputs\dp\testcases_40_2.txt,C:\Users\Equipo\Documents\GitHub\Tarea-2-Algoritmos-y-complejidad\INF221-2026-1-TAREA-2-main\code\implementation\data\measurements\testcases_40_2_dp.stderr.txt
testcases_40_2,greedy1,40,1500,250,60,2676,952,31,8960,0,1,0,C:\Users\Equipo\Documents\GitHub\Tarea-2-Algoritmos-y-complejidad\INF221-2026-1-TAREA-2-main\code\implementation\data\outputs\greedy1\testcases_40_2.txt,C:\Users\Equipo\Documents\GitHub\Tarea-2-Algoritmos-y-complejidad\INF221-2026-1-TAREA-2-main\code\implementation\data\measurements\testcases_40_2_greedy1.stderr.txt
testcases_40_2,greedy2,40,1500,250,60,2676,952,39,8956,0,1,0,C:\Users\Equipo\Documents\GitHub\Tarea-2-Algoritmos-y-complejidad\INF221-2026-1-TAREA-2-main\code\implementation\data\outputs\greedy2\testcases_40_2.txt,C:\Users\Equipo\Documents\GitHub\Tarea-2-Algoritmos-y-complejidad\INF221-2026-1-TAREA-2-main\code\implementation\data\measurements\testcases_40_2_greedy2.stderr.txt
testcases_40_20,brute,40,1500,300,122,4824,1861,-1,-1,-2,0,1,C:\Users\Equipo\Documents\GitHub\Tarea-2-Algoritmos-y-complejidad\INF221-2026-1-TAREA-2-main\code\implementation\data\outputs\brute\testcases_40_20.txt,C:\Users\Equipo\Documents\GitHub\Tarea-2-Algoritmos-y-complejidad\INF221-2026-1-TAREA-2-main\code\implementation\data\measurements\testcases_40_20_brute.stderr.txt
testcases_40_20,dp,40,1500,300,122,4824,1861,318,15640,0,1,0,C:\Users\Equipo\Documents\GitHub\Tarea-2-Algoritmos-y-complejidad\INF221-2026-1-TAREA-2-main\code\implementation\data\outputs\dp\testcases_40_20.txt,C:\Users\Equipo\Documents\GitHub\Tarea-2-Algoritmos-y-complejidad\INF221-2026-1-TAREA-2-main\code\implementation\data\measurements\testcases_40_20_dp.stderr.txt
testcases_40_20,greedy1,40,1500,300,122,4824,1861,31,8960,0,1,0,C:\Users\Equipo\Documents\GitHub\Tarea-2-Algoritmos-y-complejidad\INF221-2026-1-TAREA-2-main\code\implementation\data\outputs\greedy1\testcases_40_20.txt,C:\Users\Equipo\Documents\GitHub\Tarea-2-Algoritmos-y-complejidad\INF221-2026-1-TAREA-2-main\code\implementation\data\measurements\testcases_40_20_greedy1.stderr.txt
testcases_40_20,greedy2,40,1500,300,122,4824,1861,30,8960,0,1,0,C:\Users\Equipo\Documents\GitHub\Tarea-2-Algoritmos-y-complejidad\INF221-2026-1-TAREA-2-main\code\implementation\data\outputs\greedy2\testcases_40_20.txt,C:\Users\Equipo\Documents\GitHub\Tarea-2-Algoritmos-y-complejidad\INF221-2026-1-TAREA-2-main\code\implementation\data\measurements\testcases_40_20_greedy2.stderr.txt
testcases_40_21,brute,40,1500,500,155,6100,2492,-1,-1,-2,0,1,C:\Users\Equipo\Documents\GitHub\Tarea-2-Algoritmos-y-complejidad\INF221-2026-1-TAREA-2-main\code\implementation\data\outputs\brute\testcases_40_21.txt,C:\Users\Equipo\Documents\GitHub\Tarea-2-Algoritmos-y-complejidad\INF221-2026-1-TAREA-2-main\code\implementation\data\measurements\testcases_40_21_brute.stderr.txt
testcases_40_21,dp,40,1500,500,155,6100,2492,454,20340,0,1,0,C:\Users\Equipo\Documents\GitHub\Tarea-2-Algoritmos-y-complejidad\INF221-2026-1-TAREA-2-main\code\implementation\data\outputs\dp\testcases_40_21.txt,C:\Users\Equipo\Documents\GitHub\Tarea-2-Algoritmos-y-complejidad\INF221-2026-1-TAREA-2-main\code\implementation\data\measurements\testcases_40_21_dp.stderr.txt
testcases_40_21,greedy1,40,1500,500,155,6100,2492,30,8964,0,1,0,C:\Users\Equipo\Documents\GitHub\Tarea-2-Algoritmos-y-complejidad\INF221-2026-1-TAREA-2-main\code\implementation\data\outputs\greedy1\testcases_40_21.txt,C:\Users\Equipo\Documents\GitHub\Tarea-2-Algoritmos-y-complejidad\INF221-2026-1-TAREA-2-main\code\implementation\data\measurements\testcases_40_21_greedy1.stderr.txt
testcases_40_21,greedy2,40,1500,500,155,6100,2492,30,8964,0,1,0,C:\Users\Equipo\Documents\GitHub\Tarea-2-Algoritmos-y-complejidad\INF221-2026-1-TAREA-2-main\code\implementation\data\outputs\greedy2\testcases_40_21.txt,C:\Users\Equipo\Documents\GitHub\Tarea-2-Algoritmos-y-complejidad\INF221-2026-1-TAREA-2-main\code\implementation\data\measurements\testcases_40_21_greedy2.stderr.txt
testcases_40_3,brute,40,1500,250,97,3849,1520,-1,-1,-2,0,1,C:\Users\Equipo\Documents\GitHub\Tarea-2-Algoritmos-y-complejidad\INF221-2026-1-TAREA-2-main\code\implementation\data\outputs\brute\testcases_40_3.txt,C:\Users\Equipo\Documents\GitHub\Tarea-2-Algoritmos-y-complejidad\INF221-2026-1-TAREA-2-main\code\implementation\data\measurements\testcases_40_3_brute.stderr.txt
testcases_40_3,dp,40,1500,250,97,3849,1520,159,14476,0,1,0,C:\Users\Equipo\Documents\GitHub\Tarea-2-Algoritmos-y-complejidad\INF221-2026-1-TAREA-2-main\code\implementation\data\outputs\dp\testcases_40_3.txt,C:\Users\Equipo\Documents\GitHub\Tarea-2-Algoritmos-y-complejidad\INF221-2026-1-TAREA-2-main\code\implementation\data\measurements\testcases_40_3_dp.stderr.txt
testcases_40_3,greedy1,40,1500,250,97,3849,1520,32,8964,0,1,0,C:\Users\Equipo\Documents\GitHub\Tarea-2-Algoritmos-y-complejidad\INF221-2026-1-TAREA-2-main\code\implementation\data\outputs\greedy1\testcases_40_3.txt,C:\Users\Equipo\Documents\GitHub\Tarea-2-Algoritmos-y-complejidad\INF221-2026-1-TAREA-2-main\code\implementation\data\measurements\testcases_40_3_greedy1.stderr.txt
testcases_40_3,greedy2,40,1500,250,97,3849,1520,30,8968,0,1,0,C:\Users\Equipo\Documents\GitHub\Tarea-2-Algoritmos-y-complejidad\INF221-2026-1-TAREA-2-main\code\implementation\data\outputs\greedy2\testcases_40_3.txt,C:\Users\Equipo\Documents\GitHub\Tarea-2-Algoritmos-y-complejidad\INF221-2026-1-TAREA-2-main\code\implementation\data\measurements\testcases_40_3_greedy2.stderr.txt
testcases_40_4,brute,40,1500,250,130,4921,2102,-1,-1,-2,0,1,C:\Users\Equipo\Documents\GitHub\Tarea-2-Algoritmos-y-complejidad\INF221-2026-1-TAREA-2-main\code\implementation\data\outputs\brute\testcases_40_4.txt,C:\Users\Equipo\Documents\GitHub\Tarea-2-Algoritmos-y-complejidad\INF221-2026-1-TAREA-2-main\code\implementation\data\measurements\testcases_40_4_brute.stderr.txt
testcases_40_4,dp,40,1500,250,130,4921,2102,223,14472,0,1,0,C:\Users\Equipo\Documents\GitHub\Tarea-2-Algoritmos-y-complejidad\INF221-2026-1-TAREA-2-main\code\implementation\data\outputs\dp\testcases_40_4.txt,C:\Users\Equipo\Documents\GitHub\Tarea-2-Algoritmos-y-complejidad\INF221-2026-1-TAREA-2-main\code\implementation\data\measurements\testcases_40_4_dp.stderr.txt
testcases_40_4,greedy1,40,1500,250,130,4921,2102,37,8960,0,1,0,C:\Users\Equipo\Documents\GitHub\Tarea-2-Algoritmos-y-complejidad\INF221-2026-1-TAREA-2-main\code\implementation\data\outputs\greedy1\testcases_40_4.txt,C:\Users\Equipo\Documents\GitHub\Tarea-2-Algoritmos-y-complejidad\INF221-2026-1-TAREA-2-main\code\implementation\data\measurements\testcases_40_4_greedy1.stderr.txt
testcases_40_4,greedy2,40,1500,250,130,4921,2102,30,8984,0,1,0,C:\Users\Equipo\Documents\GitHub\Tarea-2-Algoritmos-y-complejidad\INF221-2026-1-TAREA-2-main\code\implementation\data\outputs\greedy2\testcases_40_4.txt,C:\Users\Equipo\Documents\GitHub\Tarea-2-Algoritmos-y-complejidad\INF221-2026-1-TAREA-2-main\code\implementation\data\measurements\testcases_40_4_greedy2.stderr.txt
testcases_40_5,brute,40,1500,250,195,7698,2980,-1,-1,-2,0,1,C:\Users\Equipo\Documents\GitHub\Tarea-2-Algoritmos-y-complejidad\INF221-2026-1-TAREA-2-main\code\implementation\data\outputs\brute\testcases_40_5.txt,C:\Users\Equipo\Documents\GitHub\Tarea-2-Algoritmos-y-complejidad\INF221-2026-1-TAREA-2-main\code\implementation\data\measurements\testcases_40_5_brute.stderr.txt
testcases_40_5,dp,40,1500,250,195,7698,2980,171,14460,0,1,0,C:\Users\Equipo\Documents\GitHub\Tarea-2-Algoritmos-y-complejidad\INF221-2026-1-TAREA-2-main\code\implementation\data\outputs\dp\testcases_40_5.txt,C:\Users\Equipo\Documents\GitHub\Tarea-2-Algoritmos-y-complejidad\INF221-2026-1-TAREA-2-main\code\implementation\data\measurements\testcases_40_5_dp.stderr.txt
testcases_40_5,greedy1,40,1500,250,195,7698,2980,32,8968,0,1,0,C:\Users\Equipo\Documents\GitHub\Tarea-2-Algoritmos-y-complejidad\INF221-2026-1-TAREA-2-main\code\implementation\data\outputs\greedy1\testcases_40_5.txt,C:\Users\Equipo\Documents\GitHub\Tarea-2-Algoritmos-y-complejidad\INF221-2026-1-TAREA-2-main\code\implementation\data\measurements\testcases_40_5_greedy1.stderr.txt
testcases_40_5,greedy2,40,1500,250,195,7698,2980,27,8960,0,1,0,C:\Users\Equipo\Documents\GitHub\Tarea-2-Algoritmos-y-complejidad\INF221-2026-1-TAREA-2-main\code\implementation\data\outputs\greedy2\testcases_40_5.txt,C:\Users\Equipo\Documents\GitHub\Tarea-2-Algoritmos-y-complejidad\INF221-2026-1-TAREA-2-main\code\implementation\data\measurements\testcases_40_5_greedy2.stderr.txt
testcases_40_6,brute,40,1500,250,228,9364,3159,-1,-1,-2,0,1,C:\Users\Equipo\Documents\GitHub\Tarea-2-Algoritmos-y-complejidad\INF221-2026-1-TAREA-2-main\code\implementation\data\outputs\brute\testcases_40_6.txt,C:\Users\Equipo\Documents\GitHub\Tarea-2-Algoritmos-y-complejidad\INF221-2026-1-TAREA-2-main\code\implementation\data\measurements\testcases_40_6_brute.stderr.txt
testcases_40_6,dp,40,1500,250,228,9364,3159,220,14464,0,1,0,C:\Users\Equipo\Documents\GitHub\Tarea-2-Algoritmos-y-complejidad\INF221-2026-1-TAREA-2-main\code\implementation\data\outputs\dp\testcases_40_6.txt,C:\Users\Equipo\Documents\GitHub\Tarea-2-Algoritmos-y-complejidad\INF221-2026-1-TAREA-2-main\code\implementation\data\measurements\testcases_40_6_dp.stderr.txt
testcases_40_6,greedy1,40,1500,250,228,9364,3159,41,8964,0,1,0,C:\Users\Equipo\Documents\GitHub\Tarea-2-Algoritmos-y-complejidad\INF221-2026-1-TAREA-2-main\code\implementation\data\outputs\greedy1\testcases_40_6.txt,C:\Users\Equipo\Documents\GitHub\Tarea-2-Algoritmos-y-complejidad\INF221-2026-1-TAREA-2-main\code\implementation\data\measurements\testcases_40_6_greedy1.stderr.txt
testcases_40_6,greedy2,40,1500,250,228,9364,3159,43,8968,0,1,0,C:\Users\Equipo\Documents\GitHub\Tarea-2-Algoritmos-y-complejidad\INF221-2026-1-TAREA-2-main\code\implementation\data\outputs\greedy2\testcases_40_6.txt,C:\Users\Equipo\Documents\GitHub\Tarea-2-Algoritmos-y-complejidad\INF221-2026-1-TAREA-2-main\code\implementation\data\measurements\testcases_40_6_greedy2.stderr.txt
testcases_40_7,brute,40,1500,250,269,10937,4251,-1,-1,-2,0,1,C:\Users\Equipo\Documents\GitHub\Tarea-2-Algoritmos-y-complejidad\INF221-2026-1-TAREA-2-main\code\implementation\data\outputs\brute\testcases_40_7.txt,C:\Users\Equipo\Documents\GitHub\Tarea-2-Algoritmos-y-complejidad\INF221-2026-1-TAREA-2-main\code\implementation\data\measurements\testcases_40_7_brute.stderr.txt
testcases_40_7,dp,40,1500,250,269,10937,4251,227,14456,0,1,0,C:\Users\Equipo\Documents\GitHub\Tarea-2-Algoritmos-y-complejidad\INF221-2026-1-TAREA-2-main\code\implementation\data\outputs\dp\testcases_40_7.txt,C:\Users\Equipo\Documents\GitHub\Tarea-2-Algoritmos-y-complejidad\INF221-2026-1-TAREA-2-main\code\implementation\data\measurements\testcases_40_7_dp.stderr.txt
testcases_40_7,greedy1,40,1500,250,269,10937,4251,28,8964,0,1,0,C:\Users\Equipo\Documents\GitHub\Tarea-2-Algoritmos-y-complejidad\INF221-2026-1-TAREA-2-main\code\implementation\data\outputs\greedy1\testcases_40_7.txt,C:\Users\Equipo\Documents\GitHub\Tarea-2-Algoritmos-y-complejidad\INF221-2026-1-TAREA-2-main\code\implementation\data\measurements\testcases_40_7_greedy1.stderr.txt
testcases_40_7,greedy2,40,1500,250,269,10937,4251,32,8972,0,1,0,C:\Users\Equipo\Documents\GitHub\Tarea-2-Algoritmos-y-complejidad\INF221-2026-1-TAREA-2-main\code\implementation\data\outputs\greedy2\testcases_40_7.txt,C:\Users\Equipo\Documents\GitHub\Tarea-2-Algoritmos-y-complejidad\INF221-2026-1-TAREA-2-main\code\implementation\data\measurements\testcases_40_7_greedy2.stderr.txt
testcases_40_8,brute,40,200,300,146,5754,2237,-1,-1,-2,0,1,C:\Users\Equipo\Documents\GitHub\Tarea-2-Algoritmos-y-complejidad\INF221-2026-1-TAREA-2-main\code\implementation\data\outputs\brute\testcases_40_8.txt,C:\Users\Equipo\Documents\GitHub\Tarea-2-Algoritmos-y-complejidad\INF221-2026-1-TAREA-2-main\code\implementation\data\measurements\testcases_40_8_brute.stderr.txt
testcases_40_8,dp,40,200,300,146,5754,2237,34,9584,0,1,0,C:\Users\Equipo\Documents\GitHub\Tarea-2-Algoritmos-y-complejidad\INF221-2026-1-TAREA-2-main\code\implementation\data\outputs\dp\testcases_40_8.txt,C:\Users\Equipo\Documents\GitHub\Tarea-2-Algoritmos-y-complejidad\INF221-2026-1-TAREA-2-main\code\implementation\data\measurements\testcases_40_8_dp.stderr.txt
testcases_40_8,greedy1,40,200,300,146,5754,2237,30,8972,0,1,0,C:\Users\Equipo\Documents\GitHub\Tarea-2-Algoritmos-y-complejidad\INF221-2026-1-TAREA-2-main\code\implementation\data\outputs\greedy1\testcases_40_8.txt,C:\Users\Equipo\Documents\GitHub\Tarea-2-Algoritmos-y-complejidad\INF221-2026-1-TAREA-2-main\code\implementation\data\measurements\testcases_40_8_greedy1.stderr.txt
testcases_40_8,greedy2,40,200,300,146,5754,2237,35,8968,0,1,0,C:\Users\Equipo\Documents\GitHub\Tarea-2-Algoritmos-y-complejidad\INF221-2026-1-TAREA-2-main\code\implementation\data\outputs\greedy2\testcases_40_8.txt,C:\Users\Equipo\Documents\GitHub\Tarea-2-Algoritmos-y-complejidad\INF221-2026-1-TAREA-2-main\code\implementation\data\measurements\testcases_40_8_greedy2.stderr.txt
testcases_40_9,brute,40,500,300,123,5068,1951,-1,-1,-2,0,1,C:\Users\Equipo\Documents\GitHub\Tarea-2-Algoritmos-y-complejidad\INF221-2026-1-TAREA-2-main\code\implementation\data\outputs\brute\testcases_40_9.txt,C:\Users\Equipo\Documents\GitHub\Tarea-2-Algoritmos-y-complejidad\INF221-2026-1-TAREA-2-main\code\implementation\data\measurements\testcases_40_9_brute.stderr.txt
testcases_40_9,dp,40,500,300,123,5068,1951,123,10928,0,1,0,C:\Users\Equipo\Documents\GitHub\Tarea-2-Algoritmos-y-complejidad\INF221-2026-1-TAREA-2-main\code\implementation\data\outputs\dp\testcases_40_9.txt,C:\Users\Equipo\Documents\GitHub\Tarea-2-Algoritmos-y-complejidad\INF221-2026-1-TAREA-2-main\code\implementation\data\measurements\testcases_40_9_dp.stderr.txt
testcases_40_9,greedy1,40,500,300,123,5068,1951,44,8960,0,1,0,C:\Users\Equipo\Documents\GitHub\Tarea-2-Algoritmos-y-complejidad\INF221-2026-1-TAREA-2-main\code\implementation\data\outputs\greedy1\testcases_40_9.txt,C:\Users\Equipo\Documents\GitHub\Tarea-2-Algoritmos-y-complejidad\INF221-2026-1-TAREA-2-main\code\implementation\data\measurements\testcases_40_9_greedy1.stderr.txt
testcases_40_9,greedy2,40,500,300,123,5068,1951,36,8992,0,1,0,C:\Users\Equipo\Documents\GitHub\Tarea-2-Algoritmos-y-complejidad\INF221-2026-1-TAREA-2-main\code\implementation\data\outputs\greedy2\testcases_40_9.txt,C:\Users\Equipo\Documents\GitHub\Tarea-2-Algoritmos-y-complejidad\INF221-2026-1-TAREA-2-main\code\implementation\data\measurements\testcases_40_9_greedy2.stderr.txt
testcases_5_1,brute,5,260,100,16,392,157,42,8996,0,1,0,C:\Users\Equipo\Documents\GitHub\Tarea-2-Algoritmos-y-complejidad\INF221-2026-1-TAREA-2-main\code\implementation\data\outputs\brute\testcases_5_1.txt,C:\Users\Equipo\Documents\GitHub\Tarea-2-Algoritmos-y-complejidad\INF221-2026-1-TAREA-2-main\code\implementation\data\measurements\testcases_5_1_brute.stderr.txt
testcases_5_1,dp,5,260,100,16,392,157,36,9340,0,1,0,C:\Users\Equipo\Documents\GitHub\Tarea-2-Algoritmos-y-complejidad\INF221-2026-1-TAREA-2-main\code\implementation\data\outputs\dp\testcases_5_1.txt,C:\Users\Equipo\Documents\GitHub\Tarea-2-Algoritmos-y-complejidad\INF221-2026-1-TAREA-2-main\code\implementation\data\measurements\testcases_5_1_dp.stderr.txt
testcases_5_1,greedy1,5,260,100,16,392,157,30,8964,0,1,0,C:\Users\Equipo\Documents\GitHub\Tarea-2-Algoritmos-y-complejidad\INF221-2026-1-TAREA-2-main\code\implementation\data\outputs\greedy1\testcases_5_1.txt,C:\Users\Equipo\Documents\GitHub\Tarea-2-Algoritmos-y-complejidad\INF221-2026-1-TAREA-2-main\code\implementation\data\measurements\testcases_5_1_greedy1.stderr.txt
testcases_5_1,greedy2,5,260,100,16,392,157,28,8960,0,1,0,C:\Users\Equipo\Documents\GitHub\Tarea-2-Algoritmos-y-complejidad\INF221-2026-1-TAREA-2-main\code\implementation\data\outputs\greedy2\testcases_5_1.txt,C:\Users\Equipo\Documents\GitHub\Tarea-2-Algoritmos-y-complejidad\INF221-2026-1-TAREA-2-main\code\implementation\data\measurements\testcases_5_1_greedy2.stderr.txt
testcases_5_2,brute,5,260,100,11,330,133,29,8996,0,1,0,C:\Users\Equipo\Documents\GitHub\Tarea-2-Algoritmos-y-complejidad\INF221-2026-1-TAREA-2-main\code\implementation\data\outputs\brute\testcases_5_2.txt,C:\Users\Equipo\Documents\GitHub\Tarea-2-Algoritmos-y-complejidad\INF221-2026-1-TAREA-2-main\code\implementation\data\measurements\testcases_5_2_brute.stderr.txt
testcases_5_2,dp,5,260,100,11,330,133,28,9344,0,1,0,C:\Users\Equipo\Documents\GitHub\Tarea-2-Algoritmos-y-complejidad\INF221-2026-1-TAREA-2-main\code\implementation\data\outputs\dp\testcases_5_2.txt,C:\Users\Equipo\Documents\GitHub\Tarea-2-Algoritmos-y-complejidad\INF221-2026-1-TAREA-2-main\code\implementation\data\measurements\testcases_5_2_dp.stderr.txt
testcases_5_2,greedy1,5,260,100,11,330,133,27,8956,0,1,0,C:\Users\Equipo\Documents\GitHub\Tarea-2-Algoritmos-y-complejidad\INF221-2026-1-TAREA-2-main\code\implementation\data\outputs\greedy1\testcases_5_2.txt,C:\Users\Equipo\Documents\GitHub\Tarea-2-Algoritmos-y-complejidad\INF221-2026-1-TAREA-2-main\code\implementation\data\measurements\testcases_5_2_greedy1.stderr.txt
testcases_5_2,greedy2,5,260,100,11,330,133,27,8968,0,1,0,C:\Users\Equipo\Documents\GitHub\Tarea-2-Algoritmos-y-complejidad\INF221-2026-1-TAREA-2-main\code\implementation\data\outputs\greedy2\testcases_5_2.txt,C:\Users\Equipo\Documents\GitHub\Tarea-2-Algoritmos-y-complejidad\INF221-2026-1-TAREA-2-main\code\implementation\data\measurements\testcases_5_2_greedy2.stderr.txt
testcases_5_3,brute,5,1200,220,18,778,313,27,8996,0,1,0,C:\Users\Equipo\Documents\GitHub\Tarea-2-Algoritmos-y-complejidad\INF221-2026-1-TAREA-2-main\code\implementation\data\outputs\brute\testcases_5_3.txt,C:\Users\Equipo\Documents\GitHub\Tarea-2-Algoritmos-y-complejidad\INF221-2026-1-TAREA-2-main\code\implementation\data\measurements\testcases_5_3_brute.stderr.txt
testcases_5_3,dp,5,1200,220,18,778,313,36,12728,0,1,0,C:\Users\Equipo\Documents\GitHub\Tarea-2-Algoritmos-y-complejidad\INF221-2026-1-TAREA-2-main\code\implementation\data\outputs\dp\testcases_5_3.txt,C:\Users\Equipo\Documents\GitHub\Tarea-2-Algoritmos-y-complejidad\INF221-2026-1-TAREA-2-main\code\implementation\data\measurements\testcases_5_3_dp.stderr.txt
testcases_5_3,greedy1,5,1200,220,18,778,313,25,8976,0,1,0,C:\Users\Equipo\Documents\GitHub\Tarea-2-Algoritmos-y-complejidad\INF221-2026-1-TAREA-2-main\code\implementation\data\outputs\greedy1\testcases_5_3.txt,C:\Users\Equipo\Documents\GitHub\Tarea-2-Algoritmos-y-complejidad\INF221-2026-1-TAREA-2-main\code\implementation\data\measurements\testcases_5_3_greedy1.stderr.txt
testcases_5_3,greedy2,5,1200,220,18,778,313,33,8960,0,1,0,C:\Users\Equipo\Documents\GitHub\Tarea-2-Algoritmos-y-complejidad\INF221-2026-1-TAREA-2-main\code\implementation\data\outputs\greedy2\testcases_5_3.txt,C:\Users\Equipo\Documents\GitHub\Tarea-2-Algoritmos-y-complejidad\INF221-2026-1-TAREA-2-main\code\implementation\data\measurements\testcases_5_3_greedy2.stderr.txt
testcases_80_1,brute,80,1200,220,289,11549,4602,-1,-1,-2,0,1,C:\Users\Equipo\Documents\GitHub\Tarea-2-Algoritmos-y-complejidad\INF221-2026-1-TAREA-2-main\code\implementation\data\outputs\brute\testcases_80_1.txt,C:\Users\Equipo\Documents\GitHub\Tarea-2-Algoritmos-y-complejidad\INF221-2026-1-TAREA-2-main\code\implementation\data\measurements\testcases_80_1_brute.stderr.txt
testcases_80_1,dp,80,1200,220,289,11549,4602,271,12752,0,1,0,C:\Users\Equipo\Documents\GitHub\Tarea-2-Algoritmos-y-complejidad\INF221-2026-1-TAREA-2-main\code\implementation\data\outputs\dp\testcases_80_1.txt,C:\Users\Equipo\Documents\GitHub\Tarea-2-Algoritmos-y-complejidad\INF221-2026-1-TAREA-2-main\code\implementation\data\measurements\testcases_80_1_dp.stderr.txt
testcases_80_1,greedy1,80,1200,220,289,11549,4602,31,8996,0,1,0,C:\Users\Equipo\Documents\GitHub\Tarea-2-Algoritmos-y-complejidad\INF221-2026-1-TAREA-2-main\code\implementation\data\outputs\greedy1\testcases_80_1.txt,C:\Users\Equipo\Documents\GitHub\Tarea-2-Algoritmos-y-complejidad\INF221-2026-1-TAREA-2-main\code\implementation\data\measurements\testcases_80_1_greedy1.stderr.txt
testcases_80_1,greedy2,80,1200,220,289,11549,4602,33,8976,0,1,0,C:\Users\Equipo\Documents\GitHub\Tarea-2-Algoritmos-y-complejidad\INF221-2026-1-TAREA-2-main\code\implementation\data\outputs\greedy2\testcases_80_1.txt,C:\Users\Equipo\Documents\GitHub\Tarea-2-Algoritmos-y-complejidad\INF221-2026-1-TAREA-2-main\code\implementation\data\measurements\testcases_80_1_greedy2.stderr.txt
testcases_8_1,brute,8,320,120,28,855,351,28,8996,0,1,0,C:\Users\Equipo\Documents\GitHub\Tarea-2-Algoritmos-y-complejidad\INF221-2026-1-TAREA-2-main\code\implementation\data\outputs\brute\testcases_8_1.txt,C:\Users\Equipo\Documents\GitHub\Tarea-2-Algoritmos-y-complejidad\INF221-2026-1-TAREA-2-main\code\implementation\data\measurements\testcases_8_1_brute.stderr.txt
testcases_8_1,dp,8,320,120,28,855,351,29,9224,0,1,0,C:\Users\Equipo\Documents\GitHub\Tarea-2-Algoritmos-y-complejidad\INF221-2026-1-TAREA-2-main\code\implementation\data\outputs\dp\testcases_8_1.txt,C:\Users\Equipo\Documents\GitHub\Tarea-2-Algoritmos-y-complejidad\INF221-2026-1-TAREA-2-main\code\implementation\data\measurements\testcases_8_1_dp.stderr.txt
testcases_8_1,greedy1,8,320,120,28,855,351,29,8956,0,1,0,C:\Users\Equipo\Documents\GitHub\Tarea-2-Algoritmos-y-complejidad\INF221-2026-1-TAREA-2-main\code\implementation\data\outputs\greedy1\testcases_8_1.txt,C:\Users\Equipo\Documents\GitHub\Tarea-2-Algoritmos-y-complejidad\INF221-2026-1-TAREA-2-main\code\implementation\data\measurements\testcases_8_1_greedy1.stderr.txt
testcases_8_1,greedy2,8,320,120,28,855,351,30,8964,0,1,0,C:\Users\Equipo\Documents\GitHub\Tarea-2-Algoritmos-y-complejidad\INF221-2026-1-TAREA-2-main\code\implementation\data\outputs\greedy2\testcases_8_1.txt,C:\Users\Equipo\Documents\GitHub\Tarea-2-Algoritmos-y-complejidad\INF221-2026-1-TAREA-2-main\code\implementation\data\measurements\testcases_8_1_greedy2.stderr.txt
testcases_8_2,brute,8,320,120,18,554,280,28,9012,0,1,0,C:\Users\Equipo\Documents\GitHub\Tarea-2-Algoritmos-y-complejidad\INF221-2026-1-TAREA-2-main\code\implementation\data\outputs\brute\testcases_8_2.txt,C:\Users\Equipo\Documents\GitHub\Tarea-2-Algoritmos-y-complejidad\INF221-2026-1-TAREA-2-main\code\implementation\data\measurements\testcases_8_2_brute.stderr.txt
testcases_8_2,dp,8,320,120,18,554,280,32,9220,0,1,0,C:\Users\Equipo\Documents\GitHub\Tarea-2-Algoritmos-y-complejidad\INF221-2026-1-TAREA-2-main\code\implementation\data\outputs\dp\testcases_8_2.txt,C:\Users\Equipo\Documents\GitHub\Tarea-2-Algoritmos-y-complejidad\INF221-2026-1-TAREA-2-main\code\implementation\data\measurements\testcases_8_2_dp.stderr.txt
testcases_8_2,greedy1,8,320,120,18,554,280,27,8964,0,1,0,C:\Users\Equipo\Documents\GitHub\Tarea-2-Algoritmos-y-complejidad\INF221-2026-1-TAREA-2-main\code\implementation\data\outputs\greedy1\testcases_8_2.txt,C:\Users\Equipo\Documents\GitHub\Tarea-2-Algoritmos-y-complejidad\INF221-2026-1-TAREA-2-main\code\implementation\data\measurements\testcases_8_2_greedy1.stderr.txt
testcases_8_2,greedy2,8,320,120,18,554,280,28,8960,0,1,0,C:\Users\Equipo\Documents\GitHub\Tarea-2-Algoritmos-y-complejidad\INF221-2026-1-TAREA-2-main\code\implementation\data\outputs\greedy2\testcases_8_2.txt,C:\Users\Equipo\Documents\GitHub\Tarea-2-Algoritmos-y-complejidad\INF221-2026-1-TAREA-2-main\code\implementation\data\measurements\testcases_8_2_greedy2.stderr.txt
testcases_8_3,brute,8,1200,220,22,1081,361,29,9000,0,1,0,C:\Users\Equipo\Documents\GitHub\Tarea-2-Algoritmos-y-complejidad\INF221-2026-1-TAREA-2-main\code\implementation\data\outputs\brute\testcases_8_3.txt,C:\Users\Equipo\Documents\GitHub\Tarea-2-Algoritmos-y-complejidad\INF221-2026-1-TAREA-2-main\code\implementation\data\measurements\testcases_8_3_brute.stderr.txt
testcases_8_3,dp,8,1200,220,22,1081,361,64,12724,0,1,0,C:\Users\Equipo\Documents\GitHub\Tarea-2-Algoritmos-y-complejidad\INF221-2026-1-TAREA-2-main\code\implementation\data\outputs\dp\testcases_8_3.txt,C:\Users\Equipo\Documents\GitHub\Tarea-2-Algoritmos-y-complejidad\INF221-2026-1-TAREA-2-main\code\implementation\data\measurements\testcases_8_3_dp.stderr.txt
testcases_8_3,greedy1,8,1200,220,22,1081,361,45,8960,0,1,0,C:\Users\Equipo\Documents\GitHub\Tarea-2-Algoritmos-y-complejidad\INF221-2026-1-TAREA-2-main\code\implementation\data\outputs\greedy1\testcases_8_3.txt,C:\Users\Equipo\Documents\GitHub\Tarea-2-Algoritmos-y-complejidad\INF221-2026-1-TAREA-2-main\code\implementation\data\measurements\testcases_8_3_greedy1.stderr.txt
testcases_8_3,greedy2,8,1200,220,22,1081,361,58,8960,0,1,0,C:\Users\Equipo\Documents\GitHub\Tarea-2-Algoritmos-y-complejidad\INF221-2026-1-TAREA-2-main\code\implementation\data\outputs\greedy2\testcases_8_3.txt,C:\Users\Equipo\Documents\GitHub\Tarea-2-Algoritmos-y-complejidad\INF221-2026-1-TAREA-2-main\code\implementation\data\measurements\testcases_8_3_greedy2.stderr.txt
